{
  "comment": "Default values for non-OreDictionary vanilla items",
  "comment_1": "This file is only shown as an example, it will be regenerated every time mapping occurs in order to let us",
  "comment_2": "change default values. To specify your own custom values use a separate JSON or the /projecte commands ingame",
  "groups": {
    "default": {
      "comment": "Default conversion group",
      "conversions": [
        {
          "output": "minecraft:grass|0",
          "ingredients": {
            "minecraft:dirt|0": 2
          }
        },
        {
          "output": "minecraft:dirt|2",
          "ingredients": {
            "minecraft:dirt|0": 2
          }
        },
        {
          "output": "minecraft:mycelium|0",
          "ingredients": {
            "minecraft:dirt|0": 2
          }
        },
        {
          "output": "minecraft:grass_path|0",
          "ingredients": [ "minecraft:grass|0" ]
        },
        {
          "output": "minecraft:iron_horse_armor|0",
          "ingredients": {
            "minecraft:iron_ingot|0": 8
          }
        },
        {
          "output": "minecraft:golden_horse_armor|0",
          "ingredients": {
            "minecraft:gold_ingot|0": 8
          }
        },
        {
          "output": "minecraft:diamond_horse_armor|0",
          "ingredients": {
            "minecraft:diamond|0": 8
          }
        }
      ]
    },
    "concrete_powder_to_block": {
      "comment": "Propagate concrete powder values to concrete blocks",
      "conversions": [
        {
          "output": "minecraft:concrete|0",
          "ingredients": [ "minecraft:concrete_powder|0" ]
        },
        {
          "output": "minecraft:concrete|1",
          "ingredients": [ "minecraft:concrete_powder|1" ]
        },
        {
          "output": "minecraft:concrete|2",
          "ingredients": [ "minecraft:concrete_powder|2" ]
        },
        {
          "output": "minecraft:concrete|3",
          "ingredients": [ "minecraft:concrete_powder|3" ]
        },
        {
          "output": "minecraft:concrete|4",
          "ingredients": [ "minecraft:concrete_powder|4" ]
        },
        {
          "output": "minecraft:concrete|5",
          "ingredients": [ "minecraft:concrete_powder|5" ]
        },
        {
          "output": "minecraft:concrete|6",
          "ingredients": [ "minecraft:concrete_powder|6" ]
        },
        {
          "output": "minecraft:concrete|7",
          "ingredients": [ "minecraft:concrete_powder|7" ]
        },
        {
          "output": "minecraft:concrete|8",
          "ingredients": [ "minecraft:concrete_powder|8" ]
        },
        {
          "output": "minecraft:concrete|9",
          "ingredients": [ "minecraft:concrete_powder|9" ]
        },
        {
          "output": "minecraft:concrete|10",
          "ingredients": [ "minecraft:concrete_powder|10" ]
        },
        {
          "output": "minecraft:concrete|11",
          "ingredients": [ "minecraft:concrete_powder|11" ]
        },
        {
          "output": "minecraft:concrete|12",
          "ingredients": [ "minecraft:concrete_powder|12" ]
        },
        {
          "output": "minecraft:concrete|13",
          "ingredients": [ "minecraft:concrete_powder|13" ]
        },
        {
          "output": "minecraft:concrete|14",
          "ingredients": [ "minecraft:concrete_powder|14" ]
        },
        {
          "output": "minecraft:concrete|15",
          "ingredients": [ "minecraft:concrete_powder|15" ]
        }
      ]
    }
  },
  "values": {
    "before": {
      "minecraft:cobblestone|0": 1,
      "minecraft:stone|0": 1,
      "minecraft:stone|1": 16,
      "minecraft:stone|3": 16,
      "minecraft:stone|5": 16,
      "minecraft:stonebrick|2": 1,
      "minecraft:stonebrick|3": 1,
      "minecraft:end_stone|0": 1,
      "minecraft:netherrack|0": 1,
      "minecraft:dirt|0": 1,
      "minecraft:sand|0": 1,
      "minecraft:sand|1": 1,
      "minecraft:snow|0": 1,
      "minecraft:ice|0": 1,
      "minecraft:deadbush|0": 1,
      "minecraft:gravel|0": 4,
      "minecraft:cactus|0": 8,
      "minecraft:vine|0": 8,
      "minecraft:web|0": 12,
      "minecraft:waterlily|0": 16,
      "minecraft:red_flower|0": 16,
      "minecraft:red_flower|1": 16,
      "minecraft:red_flower|2": 16,
      "minecraft:red_flower|3": 16,
      "minecraft:red_flower|4": 16,
      "minecraft:red_flower|5": 16,
      "minecraft:red_flower|6": 16,
      "minecraft:red_flower|7": 16,
      "minecraft:red_flower|8": 16,
      "minecraft:double_plant|0": 32,
      "minecraft:double_plant|1": 32,
      "minecraft:double_plant|4": 32,
      "minecraft:double_plant|5": 32,
      "minecraft:yellow_flower|0": 16,
      "minecraft:red_mushroom|0": 32,
      "minecraft:brown_mushroom|0": 32,
      "minecraft:reeds|0": 32,
      "minecraft:soul_sand|0": 49,
      "minecraft:obsidian|0": 64,
      "minecraft:stained_hardened_clay|*": 64,
      "minecraft:sponge|0": 128,
      "minecraft:sponge|1": 128,
      "minecraft:tallgrass|0": 1,
      "minecraft:tallgrass|1": 1,
      "minecraft:tallgrass|2": 1,
      "minecraft:double_plant|2": 1,
      "minecraft:double_plant|3": 1,
      "minecraft:packed_ice|0": 4,
      "minecraft:magma|0": 128,

      "minecraft:chorus_plant|0": 64,
      "minecraft:chorus_flower|0": 96,
      "minecraft:wheat_seeds|0": 16,
      "minecraft:beetroot_seeds|0": 16,
      "minecraft:melon|0": 16,
      "minecraft:wheat|0": 24,
      "minecraft:nether_wart|0": 24,
      "minecraft:apple|0": 128,
      "minecraft:pumpkin|0": 144,
      "minecraft:porkchop|0": 64,
      "minecraft:beef|0": 64,
      "minecraft:chicken|0": 64,
      "minecraft:rabbit|0": 64,
      "minecraft:mutton|0": 64,
      "minecraft:fish|0": 64,
      "minecraft:fish|1": 64,
      "minecraft:fish|2": 64,
      "minecraft:fish|3": 64,
      "minecraft:carrot|0": 64,
      "minecraft:beetroot|0": 64,
      "minecraft:potato|0": 64,
      "minecraft:poisonous_potato|0": 64,
      "minecraft:chorus_fruit|0": 192,

      "minecraft:string|0": 12,
      "minecraft:rotten_flesh|0": 32,
      "minecraft:slime_ball|0": 32,
      "minecraft:egg|0": 32,
      "minecraft:feather|0": 48,
      "minecraft:rabbit_hide|0": 16,
      "minecraft:rabbit_foot|0": 128,
      "minecraft:spider_eye|0": 128,
      "minecraft:gunpowder|0": 192,
      "minecraft:ender_pearl|0": 1024,
      "minecraft:blaze_rod|0": 1536,
      "minecraft:shulker_shell|0": 2048,
      "minecraft:ghast_tear|0": 4096,
      "minecraft:dragon_egg|0": 262144,
      "minecraft:potion|0": 0,

      "minecraft:stick|0": 4,
      "minecraft:saddle|0": 192,
      "minecraft:name_tag|0": 192,
      "minecraft:record_11|0": 2048,
      "minecraft:record_13|0": 2048,
      "minecraft:record_blocks|0": 2048,
      "minecraft:record_cat|0": 2048,
      "minecraft:record_chirp|0": 2048,
      "minecraft:record_far|0": 2048,
      "minecraft:record_mall|0": 2048,
      "minecraft:record_mellohi|0": 2048,
      "minecraft:record_stal|0": 2048,
      "minecraft:record_strad|0": 2048,
      "minecraft:record_wait|0": 2048,
      "minecraft:record_ward|0": 2048,

      "minecraft:iron_ingot|0": 256,
      "minecraft:gold_ingot|0": 2048,
      "minecraft:diamond|0": 8192,
      "minecraft:flint|0": 4,
      "minecraft:coal|0": 128,
      "minecraft:redstone|0": 64,
      "minecraft:glowstone_dust|0": 384,
      "minecraft:quartz|0": 256,
      "minecraft:prismarine_shard|0": 256,
      "minecraft:prismarine_crystals|0": 512,
      "minecraft:dye|0": 16,
      "minecraft:dye|3": 128,
      "minecraft:dye|4": 864,
      "minecraft:enchanted_book|0": 2048,
      "minecraft:emerald|0": 16384,
      "minecraft:nether_star|0": 139264,
      "minecraft:clay_ball|0": 16,
      "minecraft:bone|0": 144,
      "minecraft:snowball|0": 1,
      "minecraft:filled_map|0": 1472
    }
  }
}
